ID,first_name,last_name,age
1,Vincent,Johnson,44
2,Daniel,Bailey,57
3,Jesse,Adams,79
4,Melissa,Burnett,24
5,Joanna,Matthews,50
6,Christine,Dixon,27
7,Gregory,Castillo,62
8,Allison,Swanson,64
9,Rachel,Martinez,28
10,Anita,Caldwell,57
11,Jennifer,Morgan,69
12,Jamie,Perez,66
13,Timothy,Nelson,40
14,Philip,Yu,23
15,Kimberly,Herman,40
16,Jodi,Mcfarland,49
17,Christian,Lee,34
18,Gerald,Cohen,74
19,Robert,Luna,46
20,Manuel,Clark,61
21,Christine,Ortiz,23
22,Matthew,Gonzales,43
23,Stacey,Dudley,20
24,Catherine,Johnson,38
25,Maria,Barr,28
26,Helen,Kim,30
27,Kristine,Reed,77
28,Sarah,Nolan,21
29,Scott,Wright,59
30,Christopher,Wise,34
31,Timothy,Garcia,23
32,Gary,Vincent,34
33,Michael,Bautista,72
34,Todd,Simmons,50
35,Danielle,Diaz,77
36,Jennifer,Brown,70
37,Cynthia,Arnold,68
38,Anthony,Mullins,24
39,Victoria,Levine,51
40,John,Carpenter,72
41,Chloe,Wright,22
42,Susan,Powell,22
43,Lynn,Smith,80
44,Roy,Peterson,78
45,Michael,Moore,55
46,Aaron,Fry,33
47,Ryan,Smith,28
48,Matthew,Wagner,68
49,Carol,Love,29
50,Richard,Jackson,71
